"","baseMean","log2FoldChange","lfcSE","stat","pvalue","padj","genename","symbol","entrez"
"ENSG00000049249",2.47064777156683,-2.11201292882399,1.27015503095415,-1.66279932555748,0.0963526116989325,0.153784361188961,"TNF receptor superfamily member 9","TNFRSF9","3604"
"ENSG00000175206",0.765458639236935,2.9803657780798,2.05602872071247,1.4495740006234,0.147177350581705,0.223158414904648,"natriuretic peptide A","NPPA","4878"
"ENSG00000184908",0.56087316491117,-2.67490235690705,2.44626168783249,-1.09346533537757,0.274189540869211,0.376994631339718,"chloride voltage-gated channel Kb","CLCNKB","1188"
"ENSG00000197880",0.743084943822294,2.94752827889509,2.09013509188923,1.41020945982534,0.158477843368933,0.237870094263298,"myelodysplastic syndrome 2 translocation associated","MDS2","259283"
"ENSG00000142684",1.08013170919349,-2.53547938355305,1.91064668700223,-1.32702681285946,0.184499813258204,0.271427255719645,"zinc finger protein 593","ZNF593","51042"
"ENSG00000142748",1.43658329626988,-2.90765035793332,1.7051516456431,-1.7052151140708,0.0881543121944836,0.142130866767564,"ficolin 3","FCN3","8547"
"ENSG00000084628",2.9036877283983,2.85683703274404,1.35325854629304,2.11107998583843,0.0347654374006813,0.0616203266880627,"sodium/potassium transporting ATPase interacting 1","NKAIN1","79570"
"ENSG00000116544",1.15087012212471,2.30823093396383,1.79386425372331,1.28673667986467,0.198186083716989,0.288680223544276,"DLG associated protein 3","DLGAP3","58512"
"ENSG00000092850",0.705796552255458,-3.02674483546948,2.24224979557681,-1.34986960036308,0.177057814411885,0.261838056271559,"tektin 2","TEKT2","27285"
"ENSG00000185668",2.55775727901033,2.02631907713564,1.24934800665622,1.62190123675702,0.104824496703098,0.165815544961925,"POU class 3 homeobox 1","POU3F1","5453"
"ENSG00000269113",0.648884210774963,2.71986494094251,2.18843233264265,1.24283712151983,0.213927860185161,0.307506954394704,"TraB domain containing 2B","TRABD2B","388630"
"ENSG00000117834",0.848694500293935,3.09615269378841,2.11794957189569,1.4618632732682,0.14377868100605,0.218657537990627,"solute carrier family 5 member 9","SLC5A9","200010"
"ENSG00000055732",1.87426518875149,2.17530145282857,1.49428611762905,1.45574627721234,0.145462771842915,0.220854057012557,"mucolipin TRP cation channel 3","MCOLN3","55283"
"ENSG00000162654",1.14270552286024,3.53537145296406,1.8395910160387,1.9218247002407,0.0546278192193701,0.0929145758401704,"guanylate binding protein 4","GBP4","115361"
"ENSG00000230667",1.48149267204693,-2.9272428272021,1.71754873738096,-1.70431427271506,0.0883223899240237,0.142308448966903,"SET like protein","SETSIP","646817"
"ENSG00000179902",0.827671295280882,-2.05067928730924,2.09086039809873,-0.980782499479149,0.326700010161631,0.436726054400193,"cilia and flagella associated protein 276","CFAP276","127003"
"ENSG00000281741",0.92549266115168,-3.40185583865773,1.96262468601013,-1.73331960150437,0.0830388786864203,0.134997907029893,NA,NA,NA
"ENSG00000272196",1.32830671622904,2.5488889422227,1.73003731259686,1.47331443296833,0.140666270714952,0.21458849992723,NA,NA,NA
"ENSG00000184270",1.73670283146052,3.05870765929593,1.61210862640926,1.8973334731846,0.057783939823469,0.0976180313065435,"H2A clustered histone 21","H2AC21","317772"
"ENSG00000196420",1.57020931414927,-3.00427446026129,1.80392745825108,-1.66540757862512,0.0958314684506372,0.153002294662062,"S100 calcium binding protein A5","S100A5","6276"
"ENSG00000160716",1.91478100982824,2.12495850578984,1.47896917522022,1.43678349852926,0.150779520604411,0.22768325560121,"cholinergic receptor nicotinic beta 2 subunit","CHRNB2","1141"
"ENSG00000163354",0.878903607398124,3.19448965263815,1.99340251144232,1.60253116683734,0.109038201224021,0.171468737690953,"DC-STAMP domain containing 2","DCST2","127579"
"ENSG00000163564",0.493821312085274,2.32480040001448,2.54647927401313,0.912946916057443,0.361270460970413,0.473996621898152,"pyrin and HIN domain family member 1","PYHIN1","149628"
"ENSG00000171786",1.21940571450885,2.4712793684956,1.77647891000302,1.39111100873773,0.164191767099885,0.245024125508112,"nescient helix-loop-helix 1","NHLH1","4807"
"ENSG00000143217",2.34116883898112,2.48159304683322,1.42208225703569,1.7450418458958,0.0809775851587453,0.13201854536168,"nectin cell adhesion molecule 4","NECTIN4","81607"
"ENSG00000094963",1.09608118915915,-3.64922741927975,1.86989689951939,-1.95156611052604,0.0509897400642655,0.0872502947947457,"flavin containing dimethylaniline monoxygenase 2","FMO2","2327"
"ENSG00000198797",0.829450265180076,3.07085753638996,2.13019529276665,1.44158497900049,0.149419488450978,0.226023239329828,"BMP/retinoic acid inducible neural specific 2","BRINP2","57795"
"ENSG00000120341",1.49279004151183,-3.01148739503824,1.69223697940273,-1.77958963885846,0.0751431431077478,0.123517693857014,"SEC16 homolog B, endoplasmic reticulum export factor","SEC16B","89866"
"ENSG00000118194",2.20120309011161,-2.64279659287138,1.42422511957741,-1.85560313221799,0.0635101469148992,0.106087787060159,"troponin T2, cardiac type","TNNT2","7139"
"ENSG00000184144",0.546929244360764,-2.65723675781561,2.64552033197115,-1.00442877936067,0.315171983980892,0.423312193557859,"contactin 2","CNTN2","6900"
"ENSG00000117266",2.31082817713142,2.43811035787373,2.48730111453928,0.980223240210842,0.326975935104041,0.436936379686586,"cyclin dependent kinase 18","CDK18","5129"
"ENSG00000162891",1.62012840299854,2.93739510824651,1.66010764295522,1.76940038840948,0.0768270808637746,0.125948555925507,"interleukin 20","IL20","50604"
"ENSG00000174059",0.969978186280846,-3.52087509841996,1.9429569200518,-1.81212206101106,0.0699673383182637,0.115927895686854,"CD34 molecule","CD34","947"
"ENSG00000135773",0.743182913031425,-3.08254999160337,2.11049440959806,-1.46058192695731,0.144130209084906,0.219056514539893,"calpain 9","CAPN9","10753"
"ENSG00000119283",1.08781862068555,2.30841775729697,1.81523140767253,1.27169337613919,0.203482085000318,0.294907952476614,"tripartite motif containing 67","TRIM67","440730"
"ENSG00000173728",1.16682291199002,2.35236072897144,1.80708904170243,1.3017403540643,0.193005159672642,0.282137477014025,"sperm microtubule inner protein 3","SPMIP3","200159"
"ENSG00000277877",4.08180469995357,2.22012676526607,1.02057150646569,2.17537600373982,0.0296019512087675,0.0531846345135701,NA,NA,NA
"ENSG00000189292",0.998259823288356,-2.36705198936543,1.87941108383753,-1.25946473856704,0.207862518815882,0.300370409089957,"ALK and LTK ligand 2","ALKAL2","285016"
"ENSG00000115705",1.13256601151483,2.36071242853152,1.90138291209375,1.24157654595305,0.214392839755139,0.308055149879228,"thyroid peroxidase","TPO","7173"
"ENSG00000118004",0.588022045132604,2.6134733541566,2.36849778669915,1.10343077744601,0.269840137189149,0.372020948727191,"collectin subfamily member 11","COLEC11","78989"
"ENSG00000150873",0.829450265180076,3.07085753638996,2.13019529276665,1.44158497900049,0.149419488450978,0.226023239329828,"ciliary microtubule inner protein 5","CIMIP5","130813"
"ENSG00000143869",4.48961166968976,2.06780270112522,0.960731301108245,2.15232156872575,0.0313720362042086,0.0560505600166839,"growth differentiation factor 7","GDF7","151449"
"ENSG00000233438",1.08358705093302,2.26346552499907,1.82961333127745,1.23712780526074,0.216039638497789,0.309865685536624,NA,NA,NA
"ENSG00000171094",1.09515785930509,2.21628826265734,3.95393916756539,0.560526646650966,0.575120269435779,0.681493445922564,"ALK receptor tyrosine kinase","ALK","238"
"ENSG00000205111",0.626510515360322,2.68137037901472,2.3251864506628,1.15318510403774,0.248834416253898,0.348604717371669,"cyclin dependent kinase like 4","CDKL4","344387"
"ENSG00000066032",1.02382699474241,2.23643238455835,1.87479865274636,1.19289203738345,0.232911658098053,0.329808994720322,"catenin alpha 2","CTNNA2","1496"
"ENSG00000115423",1.19703201909421,2.44758207789082,1.8090642098724,1.35295478432104,0.176070075817031,0.26053421459753,"dynein axonemal heavy chain 6","DNAH6","1768"
"ENSG00000185304",2.71188005319603,2.04470521283276,1.20425367252921,1.69790240999508,0.0895261823417744,0.144027603466114,"RANBP2 like and GRIP domain containing 2","RGPD2","729857"
"ENSG00000115590",1.12520498146152,2.30830618112334,1.80232086222253,1.28074097654113,0.200284661834228,0.291161505830819,"interleukin 1 receptor type 2","IL1R2","7850"
"ENSG00000115607",0.671257906189604,2.76111783836812,2.28056282087121,1.21071772857953,0.226003605433188,0.321354668294676,"interleukin 18 receptor accessory protein","IL18RAP","8807"
"ENSG00000115616",0.984513163869766,3.31799237713395,1.91994630790087,1.7281693573825,0.0839578657274084,0.136319381413523,"solute carrier family 9 member A2","SLC9A2","6549"
"ENSG00000256977",0.588022045132604,2.6134733541566,2.36849778669915,1.10343077744601,0.269840137189149,0.372020948727191,"LIM zinc finger domain containing 3","LIMS3","96626"
"ENSG00000144230",1.31577729805538,-3.90459279309727,1.78377097791938,-2.18895409860948,0.0286001764232622,0.0515544765320497,"G protein-coupled receptor 17","GPR17","2840"
"ENSG00000153086",0.998936683735799,2.05954375785324,3.95931465735216,0.520176832631581,0.602940331064754,0.704856631663329,"aminocarboxymuconate semialdehyde decarboxylase","ACMSD","130013"
"ENSG00000177519",0.607266280246463,2.64880037137931,2.22632660923789,1.18976270614941,0.234139671426614,0.331070754819672,"reprimo, TP53 dependent G2 arrest mediator homolog","RPRM","56475"
"ENSG00000239474",1.9861624016158,-2.31104592553254,1.4809299793123,-1.56053693139882,0.118633049597556,0.18460710431515,"kelch like family member 41","KLHL41","10324"
"ENSG00000071909",0.932755721995863,2.04955932706345,1.92580914435483,1.06425879899437,0.287211476950276,0.391769378244512,"myosin IIIB","MYO3B","140469"
"ENSG00000128683",1.44158969944246,2.72619880326776,1.69507874280476,1.60830215990843,0.107769017851616,0.169835306361968,"glutamate decarboxylase 1","GAD1","2571"
"ENSG00000174325",1.14774066182392,2.30375482496202,1.88285054804161,1.22354630183378,0.221123427183562,0.315939609290484,NA,NA,NA
"ENSG00000226124",1.31377173864012,-2.82514802763489,1.7503252429376,-1.61407032152116,0.106512173964456,0.168142290048003,"formiminotransferase cyclodeaminase N-terminal like","FTCDNL1","348751"
"ENSG00000169031",1.09000795648235,2.24084446380939,1.9015389175416,1.1784373399554,0.23862229892554,0.336730701030698,"collagen type IV alpha 3 chain","COL4A3","1285"
"ENSG00000135898",1.88307467841552,-3.36672851435915,1.59214445208396,-2.11458734787063,0.0344651329345414,0.0611395196424254,"G protein-coupled receptor 55","GPR55","9290"
"ENSG00000144481",0.535208024247984,-2.62536492993591,2.34857227921284,-1.11785570883764,0.263628624090965,0.364856668405733,"transient receptor potential cation channel subfamily M member 8","TRPM8","79054"
"ENSG00000206561",3.84663540050766,2.12614669746772,1.02790253714619,2.06843219141247,0.0385994007507137,0.0677477632802213,"collagen like tail subunit of asymmetric acetylcholinesterase","COLQ","8292"
"ENSG00000151090",0.543274654303322,2.51718011253711,2.63905480778745,0.953818808578471,0.340175367027481,0.45126053638623,"thyroid hormone receptor beta","THRB","7068"
"ENSG00000244607",2.74928820540577,2.17699901805244,1.23312069963422,1.76543871066165,0.0774900623014897,0.126922023083003,"coiled-coil domain containing 13","CCDC13","152206"
"ENSG00000144648",0.787832334651576,3.01224670078878,2.06160222311714,1.46111925327392,0.143982717368599,0.218900071031402,"atypical chemokine receptor 2","ACKR2","1238"
"ENSG00000273291",0.497821663472016,-2.54544570387842,2.53730607578464,-1.00320798037393,0.315760523342135,0.42387089835289,NA,NA,NA
"ENSG00000144649",0.857568005696602,-2.03048382218433,1.97938335710822,-1.02581635583254,0.304978155063799,0.411608795726215,"golgi associated kinase 1A","GASK1A","729085"
"ENSG00000163823",1.54002200224233,2.88020347483457,1.65884865194159,1.73626657951192,0.0825167096494212,0.134230824151564,"C-C motif chemokine receptor 1","CCR1","1230"
"ENSG00000164049",1.02695645504319,2.23994979918463,1.9293945451583,1.16095995233616,0.245658186029989,0.34517211800076,"F-box and WD repeat domain containing 12","FBXW12","285231"
"ENSG00000248592",0.588022045132604,2.6134733541566,2.36849778669915,1.10343077744601,0.269840137189149,0.372020948727191,"STIMATE-MUSTN1 readthrough","STIMATE-MUSTN1","100526772"
"ENSG00000163666",2.22678374631594,2.26872060913979,1.44565151342185,1.56934128873821,0.116568436453262,0.18175895222685,"HESX homeobox 1","HESX1","8820"
"ENSG00000163618",0.962139468455124,3.29215749976307,1.92883802073735,1.70680869226362,0.0878576162836194,0.141699009497481,"calcium dependent secretion activator","CADPS","8618"
"ENSG00000177494",3.67453116289406,-2.22988819957859,1.05669869635293,-2.1102403242048,0.034837660837105,0.0617334910926119,"zinc finger BED-type containing 2","ZBED2","79413"
"ENSG00000145087",0.497821663472016,-2.54544570387842,2.53730607578464,-1.00320798037393,0.315760523342135,0.42387089835289,"syntaxin binding protein 5L","STXBP5L","9515"
"ENSG00000121552",1.07041604849597,-3.6254093584904,1.86102299053266,-1.94807338594605,0.0514061827899386,0.0879016500705551,"cystatin A","CSTA","1475"
"ENSG00000114656",1.08358705093302,2.26346552499907,1.82961333127745,1.23712780526074,0.216039638497789,0.309865685536624,"cilia and flagella associated protein 92 (putative)","CFAP92","57501"
"ENSG00000091513",0.610395740547245,2.65565024300409,2.36410477384805,1.12332172092419,0.261300882017694,0.362300106912487,"transferrin","TF","7018"
"ENSG00000221972",0.607266280246463,2.64880037137931,2.22632660923789,1.18976270614941,0.234139671426614,0.331070754819672,NA,NA,NA
"ENSG00000174611",0.765458639236935,2.9803657780798,2.05602872071247,1.4495740006234,0.147177350581705,0.223158414904648,"kyphoscoliosis peptidase","KY","339855"
"ENSG00000163645",0.607266280246463,2.64880037137931,2.22632660923789,1.18976270614941,0.234139671426614,0.331070754819672,"glutamate rich 6","ERICH6","131831"
"ENSG00000174944",0.932755721995863,2.04955932706345,1.92580914435483,1.06425879899437,0.287211476950276,0.391769378244512,"purinergic receptor P2Y14","P2RY14","9934"
"ENSG00000178772",1.06841048908071,-2.51788025569879,1.94545470998283,-1.29423740515707,0.195583430155464,0.285416373759066,"carboxypeptidase N subunit 2","CPN2","1370"
"ENSG00000176945",0.723840708708434,2.91772653692804,2.20705651479802,1.32199901423687,0.186168479169284,0.27341814110582,"mucin 20, cell surface associated","MUC20","200958"
"ENSG00000188848",1.92915209092617,3.1933546124686,1.58606415293204,2.01338300633381,0.0440743519678771,0.0764287327100333,"BEN domain containing 4","BEND4","389206"
"ENSG00000180613",0.668128445888822,2.75420279084838,2.30445680728898,1.1951635553059,0.232023134572599,0.328613968607627,"GS homeobox 2","GSX2","170825"
"ENSG00000109272",1.23377679560679,3.66485939302734,1.79600106255495,2.0405663835264,0.0412939464137779,0.0720822198562429,"platelet factor 4 variant 1","PF4V1","5197"
"ENSG00000163116",1.05801987947896,-2.41051425212591,1.87409685701042,-1.28622714621655,0.198363799702698,0.288881984191537,"sperm tail PG-rich repeat containing 2","STPG2","285555"
"ENSG00000172955",1.92046103919149,-3.38909172465396,1.593218485573,-2.12719834432192,0.0334036066503587,0.0594209239363895,"alcohol dehydrogenase 6 (class V)","ADH6","130"
"ENSG00000196616",1.04629865936618,-2.39348123104088,1.86175306137788,-1.28560617446734,0.198580540773215,0.289140487049559,"alcohol dehydrogenase 1B (class I), beta polypeptide","ADH1B","125"
"ENSG00000173376",1.78928563397935,3.13136132330057,1.60674552321376,1.94888442386155,0.0513092286088363,0.0877460444693699,"neuron derived neurotrophic factor","NDNF","79625"
"ENSG00000164142",0.899827520488493,-3.37426626216116,1.99320141198836,-1.69288775427622,0.0904768346762107,0.145348317932778,"FHF complex subunit HOOK interacting protein 1A","FHIP1A","729830"
"ENSG00000169989",0.97014208277183,2.04942470634694,1.90893779517786,1.07359428448845,0.283004560381274,0.387056534047811,"tigger transposable element derived 4","TIGD4","201798"
"ENSG00000197410",0.803947109464653,3.03288512421025,2.14678215517283,1.41275868019598,0.157726691292011,0.236795253253816,"dachsous cadherin-related 2","DCHS2","54798"
"ENSG00000174473",1.49417250196129,2.81426526782832,1.75325198616899,1.6051687321785,0.108456676595655,0.170699967926822,"polypeptide N-acetylgalactosaminyltransferase like 6","GALNTL6","442117"
"ENSG00000164106",1.61889304439014,-3.10119283208273,1.65466683942149,-1.87420981565508,0.0609015117660007,0.102345094687265,"stimulator of chondrogenesis 1","SCRG1","11341"
"ENSG00000164344",1.30089788185071,3.72436411618573,1.78052567976217,2.09172165193551,0.0364634224809005,0.0643205171183138,"kallikrein B1","KLKB1","3818"
"ENSG00000182631",1.91726888586563,3.21009779909917,1.58959644390344,2.01944198567556,0.0434413014035038,0.0754374808630657,"relaxin family peptide receptor 3","RXFP3","51289"
"ENSG00000152669",3.25922429230413,2.45226691847346,1.16311929836522,2.10835373630216,0.0350004030303046,0.0619920610336053,"cyclin O","CCNO","10309"
"ENSG00000172058",2.25793297792412,2.43674128768909,1.40430380221692,1.73519525037411,0.0827062274928226,0.134509421848292,"small EDRK-rich factor 1A","SERF1A","8293"
"ENSG00000145681",3.93240966859041,2.35403167598261,1.07477416724528,2.19025703047567,0.0285056012561582,0.0514182604309365,"hyaluronan and proteoglycan link protein 1","HAPLN1","1404"
"ENSG00000146005",1.37395564547861,-2.78210451091206,1.82508216571062,-1.52437219714369,0.127415761286617,0.196613285503316,"pleckstrin and Sec7 domain containing 2","PSD2","84249"
"ENSG00000081842",2.16827621131779,2.42711685087304,1.427153280786,1.70067005664333,0.089004960864879,0.143306125582378,"protocadherin alpha 6","PCDHA6","56142"
"ENSG00000169302",1.77708540338061,-2.20047526907484,1.52995467486308,-1.43826173757191,0.150359803917771,0.22720903999281,"serine/threonine kinase 32A","STK32A","202374"
"ENSG00000226650",1.0869764653907,-2.46277764482275,1.86610366723644,-1.3197432104455,0.186920767895325,0.274358956004512,"kinesin family member 4B","KIF4B","285643"
"ENSG00000113262",0.993617887638223,2.12836173931653,1.96912445570158,1.0808670488825,0.279756258010776,0.383467980893119,"glutamate metabotropic receptor 6","GRM6","2916"
"ENSG00000146090",0.668128445888822,2.75420279084838,2.30445680728898,1.1951635553059,0.232023134572599,0.328613968607627,"RasGEF domain family member 1C","RASGEF1C","255426"
"ENSG00000145975",1.26525521478988,2.54929556139069,1.74689041145987,1.45933342164278,0.1444733608736,0.219532775807312,"family with sequence similarity 217 member A","FAM217A","222826"
"ENSG00000112137",1.94357561079221,2.1013249237323,1.45395104895121,1.44525149264693,0.148387257529702,0.22478021235089,"phosphatase and actin regulator 1","PHACTR1","221692"
"ENSG00000277224",1.32501527098049,2.57054373477937,1.74709416911956,1.47132523261455,0.141203182603192,0.215275848095678,"H2B clustered histone 7","H2BC7","8343"
"ENSG00000277775",0.863988911245929,-2.0635732945026,2.0499758388417,-1.00663298337633,0.314111178055721,0.422156715501113,"H3 clustered histone 7","H3C7","8968"
"ENSG00000273983",1.49608148676037,-3.02924584868284,1.67942833578183,-1.80373629772814,0.0712726564058195,0.117720095271654,"H3 clustered histone 8","H3C8","8355"
"ENSG00000184357",1.18967429517707,-3.79816210954149,1.81502133199761,-2.0926267050323,0.0363824907493832,0.0641931220716401,"H1.5 linker histone, cluster member","H1-5","3009"
"ENSG00000204531",1.86005939873749,-2.22927566087296,1.50392107251188,-1.48230894667204,0.138258108847444,0.211418137392988,"POU class 5 homeobox 1","POU5F1","5460"
"ENSG00000124678",2.34454476868852,-2.05008157874607,1.27579724675076,-1.60690233810057,0.108075793443309,0.170245943113242,"t-complex 11","TCP11","6954"
"ENSG00000178233",1.40326321416251,2.67276149816476,1.71332434021307,1.55998571632524,0.118763256667939,0.184790210807864,"transmembrane protein 151B","TMEM151B","441151"
"ENSG00000153294",2.49421129514884,2.62324277854879,1.3836775832853,1.8958482888191,0.0579801084436594,0.0979382049561779,"adhesion G protein-coupled receptor F4","ADGRF4","221393"
"ENSG00000269964",0.976826252377702,-2.29139614982881,1.96694026060608,-1.16495462303606,0.244037361153002,0.343189182125281,"meiotic double-stranded break formation protein 4","MEI4","101928601"
"ENSG00000135346",1.24288151937524,2.52811100447212,1.76645470861143,1.43117793631935,0.152379225285544,0.229769288137748,"glycoprotein hormones, alpha polypeptide","CGA","1081"
"ENSG00000188580",1.40107387836571,2.72234998096685,1.6969256861777,1.60428356005319,0.1086515631886,0.170933682565498,"sodium/potassium transporting ATPase interacting 2","NKAIN2","154215"
"ENSG00000154269",0.598259525687138,-2.74908529055734,2.40009406957984,-1.14540730940542,0.252040471873041,0.352115785863204,"ectonucleotide pyrophosphatase/phosphodiesterase 3","ENPP3","5169"
"ENSG00000118513",2.39036090432872,-2.0393728678774,1.28758926926773,-1.58386910838207,0.113223508536923,0.17729367496995,"MYB proto-oncogene, transcription factor","MYB","4602"
"ENSG00000177688",0.509542883584797,-2.57614397781946,2.51897914909808,-1.02269364902915,0.306452715156682,0.413144906328135,"small ubiquitin like modifier 4","SUMO4","387082"
"ENSG00000136267",0.626510515360322,2.68137037901472,2.3251864506628,1.15318510403774,0.248834416253898,0.348604717371669,"diacylglycerol kinase beta","DGKB","1607"
"ENSG00000005073",0.923650998227406,3.24973827538108,1.94532899754477,1.67053402251374,0.0948137538531225,0.15152516854124,"homeobox A11","HOXA11","3207"
"ENSG00000155849",1.01505145854888,2.07194144045553,1.87493042727253,1.10507643927332,0.269126468691697,0.37141922423244,"engulfment and cell motility 1","ELMO1","9844"
"ENSG00000106633",2.31665361768806,-2.75429682458617,1.48435906788185,-1.85554619780543,0.0635182685372208,0.106089329295281,"glucokinase","GCK","2645"
"ENSG00000146678",1.80288379320045,3.06179682527345,1.61258221669629,1.89869192005985,0.0576049945414885,0.0973492041683818,"insulin like growth factor binding protein 1","IGFBP1","3484"
"ENSG00000160870",0.671257906189604,2.76111783836812,2.28056282087121,1.21071772857953,0.226003605433188,0.321354668294676,"cytochrome P450 family 3 subfamily A member 7","CYP3A7","1551"
"ENSG00000176402",0.946024693642047,3.27644227817541,1.96243574628593,1.6695793910075,0.0950026107222705,0.151777612663937,"gap junction protein gamma 3","GJC3","349149"
"ENSG00000160963",1.5999440433807,2.87677178983752,1.64686058804854,1.74682168649525,0.0806682735720501,0.131557930276073,"collagen type XXVI alpha 1 chain","COL26A1","136227"
"ENSG00000170667",0.862441159712526,-3.32798135528244,1.99315500717888,-1.66970523782437,0.094977696935204,0.151754260345949,"RAS p21 protein activator 4B","RASA4B","100271927"
"ENSG00000179603",0.532309782312992,2.41368183339403,2.67377454535812,0.902724516389896,0.36667212141624,0.479674571758614,"glutamate metabotropic receptor 8","GRM8","2918"
"ENSG00000158516",0.497821663472016,-2.54544570387842,2.53730607578464,-1.00320798037393,0.315760523342135,0.42387089835289,"carboxypeptidase A2","CPA2","1358"
"ENSG00000155530",1.03396650608781,3.4228588325957,1.98968093597944,1.72030538700958,0.0853769447546216,0.138333928297451,"leucine rich repeats and guanylate kinase domain containing","LRGUK","136332"
"ENSG00000127364",1.05666938907738,2.12693079800573,1.93991586685899,1.09640362983862,0.272902176175169,0.375610036652002,"taste 2 receptor member 4","TAS2R4","50832"
"ENSG00000257335",0.598259525687138,-2.74908529055734,2.40009406957984,-1.14540730940542,0.252040471873041,0.352115785863204,"maltase-glucoamylase","MGAM","8972"
"ENSG00000164867",0.680131411592271,-2.98985042995717,2.15739139520397,-1.38586370401023,0.165788525704099,0.247181718950633,"nitric oxide synthase 3","NOS3","4846"
"ENSG00000130675",1.2894890584264,3.73339765721459,3.26634030575682,1.14299102596095,0.253042317021065,0.353249519842212,"motor neuron and pancreas homeobox 1","MNX1","3110"
"ENSG00000165186",1.39822807519882,3.84527801981597,1.76175894707839,2.18263572675069,0.0290626465979519,0.0523177336705284,"patched domain containing 1","PTCHD1","139411"
"ENSG00000130054",0.532309782312992,2.41368183339403,2.67377454535812,0.902724516389896,0.36667212141624,0.479674571758614,"NALCN channel auxiliary factor 2","NALF2","27112"
"ENSG00000166432",0.680131411592271,-2.98985042995717,2.15739139520397,-1.38586370401023,0.165788525704099,0.247181718950633,"zinc finger matrin-type 1","ZMAT1","84460"
"ENSG00000102128",0.584892584831822,2.60488466952662,2.39371327713148,1.08821916743855,0.276498364975768,0.379679907785322,"RAB40A like","RAB40AL","282808"
"ENSG00000133134",1.86374595884281,3.10156013975603,1.62615931007845,1.90729169063171,0.0564828256255939,0.0956612139818436,"brain expressed X-linked 2","BEX2","84707"
"ENSG00000175556",0.929626261695081,2.04327260916422,1.91019496203541,1.06966704958064,0.284769203007637,0.389144971156843,"LON peptidase N-terminal domain and ring finger 3","LONRF3","79836"
"ENSG00000187808",1.56068073973293,-2.03731367521526,1.62842241123864,-1.25109655894848,0.21089925084154,0.304043153565746,"sosondowah ankyrin repeat domain family member D","SOWAHD","347454"
"ENSG00000101977",0.848694500293935,3.09615269378841,2.11794957189569,1.4618632732682,0.14377868100605,0.218657537990627,"MCF.2 cell line derived transforming sequence","MCF2","4168"
"ENSG00000067842",1.6319001503362,-2.20639672901974,1.56929487250266,-1.40597969679277,0.159730153787403,0.239477477108794,"ATPase plasma membrane Ca2+ transporting 3","ATP2B3","492"
"ENSG00000171056",0.97014208277183,2.04942470634694,1.90893779517786,1.07359428448845,0.283004560381274,0.387056534047811,"SRY-box transcription factor 7","SOX7","83595"
"ENSG00000158815",0.626510515360322,2.68137037901472,2.3251864506628,1.15318510403774,0.248834416253898,0.348604717371669,"fibroblast growth factor 17","FGF17","8822"
"ENSG00000215262",2.18948186999883,-2.63481407349811,1.41866355502975,-1.85725083594106,0.0632754755084802,0.105779713934208,"potassium calcium-activated channel subfamily U member 1","KCNU1","157855"
"ENSG00000155897",1.43846023914168,2.72226586835417,1.68834412123663,1.61238803992177,0.106877525823805,0.168628730927229,"adenylate cyclase 8","ADCY8","114"
"ENSG00000181790",1.56239569765697,2.89721660726156,1.66725796641132,1.73771345864232,0.0822613160577116,0.133844918973124,"adhesion G protein-coupled receptor B1","ADGRB1","575"
"ENSG00000271698",0.992677763134235,2.04306384907278,1.88256901712357,1.08525309324087,0.277809574831096,0.381154115980329,NA,NA,NA
"ENSG00000107099",2.60859638781402,2.79893605412743,1.39275561010697,2.00963904493801,0.0444694056461157,0.0770231637574865,"dedicator of cytokinesis 8","DOCK8","81704"
"ENSG00000064218",1.03429569366274,2.09511358508792,1.88471508727502,1.11163411341769,0.266295498897784,0.368063684024715,"doublesex and mab-3 related transcription factor 3","DMRT3","58524"
"ENSG00000168263",1.21533943584025,-3.81916570739815,1.79135889172664,-2.13199360833661,0.0330073720070261,0.0587728221142384,"potassium voltage-gated channel modifier subfamily V member 2","KCNV2","169522"
"ENSG00000107295",0.762003297497405,-3.19140183043091,2.19886340416447,-1.45138703222158,0.146672118660606,0.222483911570606,"SH3 domain containing GRB2 like 2, endophilin A1","SH3GL2","6456"
"ENSG00000120162",3.25592953715593,2.24790297831138,1.18426226850893,1.89814624520771,0.0576768196749109,0.0974594093520794,"MOB kinase activator 3B","MOB3B","79817"
"ENSG00000164972",0.626510515360322,2.68137037901472,2.3251864506628,1.15318510403774,0.248834416253898,0.348604717371669,"sperm microtubule inner protein 6","SPMIP6","84688"
"ENSG00000181778",1.01908576716959,-3.57562927376889,1.99933386052104,-1.78841030223789,0.0737098353994395,0.12135115662611,"transmembrane protein 252","TMEM252","169693"
"ENSG00000135063",0.829450265180076,3.07085753638996,2.13019529276665,1.44158497900049,0.149419488450978,0.226023239329828,"endosomal transmembrane epsin interactor 1","ENTREP1","9413"
"ENSG00000156049",1.20439304914752,2.49334167131915,1.77522195457339,1.40452390468455,0.160162898448764,0.239957904599138,"G protein subunit alpha 14","GNA14","9630"
"ENSG00000106819",2.06118622142408,-3.49363311798535,1.58797693911815,-2.20005280424631,0.0278031488263229,0.0502714768006806,"asporin","ASPN","54829"
"ENSG00000106823",3.28954353065417,-2.50651435090406,1.17933428492188,-2.12536376068308,0.0335562717176224,0.0596708895480597,"extracellular matrix protein 2","ECM2","1842"
"ENSG00000157303",1.06131132472751,-2.4362725008357,1.85826373280728,-1.31104775808933,0.18984162902231,0.278147522470504,"sushi domain containing 3","SUSD3","203328"
"ENSG00000165238",0.848694500293935,3.09615269378841,2.11794957189569,1.4618632732682,0.14377868100605,0.218657537990627,"WNK lysine deficient protein kinase 2","WNK2","65268"
"ENSG00000260230",1.75739552618509,-3.23263946906119,1.62037481494681,-1.9949948859007,0.0460434376405047,0.0795717851718759,"ferric chelate reductase 1 like","FRRS1L","23732"
"ENSG00000171133",0.629639975661104,2.68865045212044,2.20543965403775,1.2190995329199,0.222806417167436,0.317820458402408,"olfactory receptor family 2 subfamily K member 2","OR2K2","26248"
"ENSG00000136834",0.987642624170547,3.32578231781577,2.0247357054731,1.6425760205768,0.100470685498271,0.159717070744636,"olfactory receptor family 1 subfamily J member 1","OR1J1","347168"
"ENSG00000148357",1.18056957140861,-2.64015555664925,1.79870278819963,-1.46781089903788,0.142155596100316,0.216591458216319,"hemicentin 2","HMCN2","256158"
"ENSG00000188523",2.14305671273626,3.38209564204282,1.54718199218436,2.1859714365392,0.028817695131891,0.0519148259202799,"cilia and flagella associated protein 77","CFAP77","389799"
"ENSG00000176919",1.8714193855846,3.16006809847787,1.59051251866578,1.98682378251807,0.0469419281426834,0.0809347375955625,"complement C8 gamma chain","C8G","733"
"ENSG00000214402",1.30906248111518,2.53223160496754,1.73368524270463,1.46060630995344,0.144123513642431,0.219056514539893,"lipocalin like 1","LCNL1","401562"
"ENSG00000169583",3.34703616172941,-2.14040307518811,1.08837964244898,-1.96659602192848,0.0492298024599653,0.0845430935277288,"chloride intracellular channel 3","CLIC3","9022"
"ENSG00000233198",2.2280362675084,2.39175082502692,1.42383050013378,1.67980024644942,0.0929961872065938,0.148878753753072,"ring finger protein 224","RNF224","643596"
"ENSG00000198435",3.55963442898598,2.44113547257789,1.13883351344618,2.14354024864518,0.0320697428175533,0.0572069558999153,"NOTCH regulated ankyrin repeat protein","NRARP","441478"
"ENSG00000188747",1.63514106835987,2.92090061223352,1.66876237381843,1.7503394480006,0.080059757795843,0.130666745337224,"NADPH oxidase activator 1","NOXA1","10811"
"ENSG00000167311",1.01192199824809,2.06775186127583,1.95652945479376,1.05684678357873,0.290581518958568,0.395656913009181,"ADP-ribosyltransferase 5","ART5","116969"
"ENSG00000180878",1.35958787428032,-2.84907202212113,1.81606696990488,-1.56881440460886,0.116691190983937,0.181873389670185,"chromosome 11 open reading frame 42","C11orf42","160298"
"ENSG00000110680",0.984513163869766,3.31799237713395,1.91994630790087,1.7281693573825,0.0839578657274084,0.136319381413523,"calcitonin related polypeptide alpha","CALCA","796"
"ENSG00000135378",0.671257906189604,2.76111783836812,2.28056282087121,1.21071772857953,0.226003605433188,0.321354668294676,"proline rich and Gla domain 4","PRRG4","79056"
"ENSG00000165917",1.28652680075277,2.53715760887841,1.78883123249317,1.41833257536669,0.156093690405879,0.234697899326856,"receptor associated protein of the synapse","RAPSN","5913"
"ENSG00000166840",2.23987533672086,-2.06752605151392,1.34146382772626,-1.54124621833324,0.123256872769675,0.190915374764001,"glycine-N-acyltransferase like 1","GLYATL1","92292"
"ENSG00000186642",1.21453256049293,3.64875976239396,1.78412423520044,2.04512650543309,0.0408423877772178,0.0713446854403977,"phosphodiesterase 2A","PDE2A","5138"
"ENSG00000175591",3.05205297273184,2.30385609874556,1.19946209944979,1.9207410553467,0.0547643609614361,0.0931038357191885,"purinergic receptor P2Y2","P2RY2","5029"
"ENSG00000171631",1.66380573006683,-2.02429980814071,1.62170267974915,-1.24825581989778,0.211937387876663,0.305300872106955,"pyrimidinergic receptor P2Y6","P2RY6","5031"
"ENSG00000261594",1.28762891020452,2.5709174548427,1.75719833679184,1.46307755989371,0.143446157383951,0.218266449519899,"trophoblast glycoprotein like","TPBGL","100507050"
"ENSG00000085741",0.942895233341265,3.2709778222875,1.91849443205767,1.70497123558458,0.0881997892251795,0.142157534295789,"Wnt family member 11","WNT11","7481"
"ENSG00000254550",1.06841048908071,-2.51788025569879,1.94545470998283,-1.29423740515707,0.195583430155464,0.285416373759066,"olfactory marker protein","OMP","4975"
"ENSG00000134640",2.56518100208873,-2.10039578057703,1.24723224367714,-1.68404544640745,0.0921728861052765,0.147721182625007,"melatonin receptor 1B","MTNR1B","4544"
"ENSG00000118113",1.48697676299192,-2.03786500183328,1.61040141226249,-1.26543915468271,0.205713946798535,0.297615799343948,"matrix metallopeptidase 8","MMP8","4317"
"ENSG00000170276",0.617079910153117,-2.88408409921732,2.35133793995392,-1.22657149795909,0.219983687249465,0.314525978362508,"heat shock protein family B (small) member 2","HSPB2","3316"
"ENSG00000196341",0.787832334651576,3.01224670078878,2.06160222311714,1.46111925327392,0.143982717368599,0.218900071031402,"olfactory receptor family 8 subfamily D member 1","OR8D1","283159"
"ENSG00000134940",2.34231875835124,-2.76494850937097,1.47332630340927,-1.87667083861389,0.0605632217876812,0.101811424969413,"acrosomal vesicle protein 1","ACRV1","56"
"ENSG00000109956",0.513065547199133,2.36648153209866,2.5166970681753,0.940312428549238,0.347057326301174,0.458655924948592,"beta-1,3-glucuronyltransferase 1","B3GAT1","27087"
"ENSG00000261456",0.995643326944033,-3.5447618299493,2.00969052074848,-1.76383467670888,0.0777598173985329,0.127293589783359,"tubulin beta 8 class VIII","TUBB8","347688"
"ENSG00000065675",1.76394968089108,2.05597690847315,1.49950081712654,1.37110756125693,0.170341428236861,0.252971782482352,"protein kinase C theta","PRKCQ","5588"
"ENSG00000152463",2.85301751286944,2.05422401309083,1.21192992078026,1.69500230819311,0.0900749829153806,0.144799858006859,"oleoyl-ACP hydrolase","OLAH","55301"
"ENSG00000151023",1.68494538958661,2.08599088754942,1.55219605885766,1.34389652366764,0.178981850329386,0.264312075165781,"enkurin, TRPC channel interacting protein","ENKUR","219670"
"ENSG00000263761",0.509542883584797,-2.57614397781946,2.51897914909808,-1.02269364902915,0.306452715156682,0.413144906328135,"growth differentiation factor 2","GDF2","2658"
"ENSG00000165606",0.902053530825768,-2.1298136203681,3.79160900493143,-0.561717629006057,0.574308421270485,0.680945898043798,"dorsal root ganglia homeobox","DRGX","644168"
"ENSG00000183230",0.546929244360764,-2.65723675781561,2.64552033197115,-1.00442877936067,0.315171983980892,0.423312193557859,"catenin alpha 3","CTNNA3","29119"
"ENSG00000165730",1.59874535931277,-2.07986162378002,1.61799147789325,-1.2854589484539,0.198631953234324,0.289186775340064,"storkhead box 1","STOX1","219736"
"ENSG00000099282",1.57085420831231,-3.08488987076305,1.66910671973112,-1.84822805773618,0.0645693581036165,0.107600994994471,"tetraspanin 15","TSPAN15","23555"
"ENSG00000182771",0.992677763134235,2.04306384907278,1.88256901712357,1.08525309324087,0.277809574831096,0.381154115980329,"glutamate ionotropic receptor delta type subunit 1","GRID1","2894"
"ENSG00000095596",0.607266280246463,2.64880037137931,2.22632660923789,1.18976270614941,0.234139671426614,0.331070754819672,"cytochrome P450 family 26 subfamily A member 1","CYP26A1","1592"
"ENSG00000241935",0.535208024247984,-2.62536492993591,2.34857227921284,-1.11785570883764,0.263628624090965,0.364856668405733,"4-hydroxy-2-oxoglutarate aldolase 1","HOGA1","112817"
"ENSG00000172987",0.532309782312992,2.41368183339403,2.67377454535812,0.902724516389896,0.36667212141624,0.479674571758614,"heparanase 2 (inactive)","HPSE2","60495"
"ENSG00000235376",1.39277602994459,-2.85765533463634,1.71133771702619,-1.66983717252613,0.0949515835552107,0.151728986060576,"ribulose-5-phosphate-3-epimerase like 1","RPEL1","729020"
"ENSG00000154493",0.497821663472016,-2.54544570387842,2.53730607578464,-1.00320798037393,0.315760523342135,0.42387089835289,"chromosome 10 open reading frame 90","C10orf90","118611"
"ENSG00000151650",0.923650998227406,3.24973827538108,1.94532899754477,1.67053402251374,0.0948137538531225,0.15152516854124,"VENT homeobox","VENTX","27287"
"ENSG00000111181",1.96249065833114,3.24876305544214,1.58117337937676,2.0546532706759,0.0399125064342297,0.0698611068678952,"solute carrier family 6 member 12","SLC6A12","6539"
"ENSG00000139044",1.80540040879242,3.13818436353272,1.69045626888049,1.85641262735,0.0633947662433984,0.10594308480499,"beta-1,4-N-acetyl-galactosaminyltransferase 3","B4GALNT3","283358"
"ENSG00000130038",2.55833293599187,-2.81966708471395,1.36204664845431,-2.07016924707667,0.0384364980428142,0.0674859552245646,"calcium release activated channel regulator 2A","CRACR2A","84766"
"ENSG00000134533",0.981383703568984,3.31569696242231,2.02745857800104,1.63539566154363,0.101966131307705,0.161867389402517,"RAS like estrogen regulated growth inhibitor","RERG","85004"
"ENSG00000214700",0.652013671075745,2.72969550270097,2.32027280449159,1.17645455198924,0.239413283471175,0.337556009929989,"chromosome 12 open reading frame 71","C12orf71","728858"
"ENSG00000139219",1.77832076198902,3.08609484917483,1.61904350858437,1.90612224613605,0.0566343470743541,0.0958957958618831,"collagen type II alpha 1 chain","COL2A1","1280"
"ENSG00000185958",0.535208024247984,-2.62536492993591,2.34857227921284,-1.11785570883764,0.263628624090965,0.364856668405733,"family with sequence similarity 186 member A","FAM186A","121006"
"ENSG00000167612",2.02977372952283,3.27293634357282,1.56006202464698,2.09795270435702,0.0359093235464274,0.0634190066419708,"ankyrin repeat domain 33","ANKRD33","341405"
"ENSG00000170477",1.1283344417623,2.31377757737442,1.84046891053797,1.25716743386776,0.208693013006577,0.301334145752026,"keratin 4","KRT4","3851"
"ENSG00000139626",0.648884210774963,2.71986494094251,2.18843233264265,1.24283712151983,0.213927860185161,0.307506954394704,"integrin subunit beta 7","ITGB7","3695"
"ENSG00000123405",2.56804859668939,-2.20188726664833,1.25229358055764,-1.75828360125254,0.0786992665211545,0.128674261148078,"nuclear factor, erythroid 2","NFE2","4778"
"ENSG00000144785",0.493821312085274,2.32480040001448,2.54647927401313,0.912946916057443,0.361270460970413,0.473996621898152,NA,NA,NA
"ENSG00000153233",1.85582782898496,-2.31937994777282,1.47543272769644,-1.57199979655733,0.11595059839794,0.181025415168309,"protein tyrosine phosphatase receptor type R","PTPRR","5801"
"ENSG00000084110",0.942895233341265,3.2709778222875,1.91849443205767,1.70497123558458,0.0881997892251795,0.142157534295789,"histidine ammonia-lyase","HAL","3034"
"ENSG00000089127",0.56087316491117,-2.67490235690705,2.44626168783249,-1.09346533537757,0.274189540869211,0.376994631339718,"2'-5'-oligoadenylate synthetase 1","OAS1","4938"
"ENSG00000088992",2.33474793343179,2.51890810263024,1.44468626750146,1.74356755462666,0.0812345250179069,0.1323935010189,"tescalcin","TESC","54997"
"ENSG00000157782",1.11002841960921,-2.518991679115,1.92765221218669,-1.30676667875555,0.19129196508564,0.279966333806571,"calcium binding protein 1","CABP1","9478"
"ENSG00000279081",0.799389658273372,-3.24557243199173,2.14150050961665,-1.51555996247356,0.129630657407622,0.199633921512386,"eukaryotic translation initiation factor 3 subunit F pseudogene 2","EIF3FP2","83880"
"ENSG00000102683",2.14903197620393,2.41695255148699,1.42205996555109,1.69961366611594,0.0892036180744349,0.143587038355288,"sarcoglycan gamma","SGCG","6445"
"ENSG00000133101",1.04620069015705,2.26314719553519,1.843562747556,1.22759434065123,0.219599287353296,0.31412737037881,"cyclin A1","CCNA1","8900"
"ENSG00000180138",1.04475090783278,-3.60169246887933,1.88762147542211,-1.90805864193398,0.0563836373566988,0.0955042003635246,"casein kinase 1 alpha 1 like","CSNK1A1L","122011"
"ENSG00000281883",0.607266280246463,2.64880037137931,2.22632660923789,1.18976270614941,0.234139671426614,0.331070754819672,NA,NA,NA
"ENSG00000102539",0.935885182296645,2.05954375785324,3.95931465735216,0.520176832631581,0.602940331064754,0.704856631663329,"motilin receptor","MLNR","2862"
"ENSG00000178734",3.0428183059429,-2.52056563106766,1.18854657792304,-2.12071253906792,0.0339460006658542,0.0602911735132995,"LMO7 downstream neighbor","LMO7DN","729420"
"ENSG00000043355",0.939765773040483,3.2664480779429,2.03898612732212,1.60199622458092,0.109156444362471,0.171618058141039,"Zic family member 2","ZIC2","7546"
"ENSG00000126217",0.509542883584797,-2.57614397781946,2.51897914909808,-1.02269364902915,0.306452715156682,0.413144906328135,"MCF.2 cell line derived transforming sequence like","MCF2L","23263"
"ENSG00000279508",1.18606714710388,2.37265747086545,1.82496526712515,1.30011102874471,0.193562918238134,0.282784525078669,NA,NA,NA
"ENSG00000187537",1.08013170919349,-2.53547938355305,1.91064668700223,-1.32702681285946,0.184499813258204,0.271427255719645,"POTE ankyrin domain family member G","POTEG","404785"
"ENSG00000139890",1.42876636987793,2.69470166050335,1.797844481007,1.49885136838644,0.133912194948715,0.205540296725074,"RRAD and GEM like GTPase 2","REM2","161253"
"ENSG00000100505",3.25468032586312,2.40288842420153,1.18481279169251,2.02807434309432,0.0425526610364332,0.0740977710071561,"tripartite motif containing 9","TRIM9","114088"
"ENSG00000134007",0.629639975661104,2.68865045212044,2.20543965403775,1.2190995329199,0.222806417167436,0.317820458402408,"ADAM metallopeptidase domain 20","ADAM20","8748"
"ENSG00000100593",1.45582753138374,-2.90747754968209,1.70086612287388,-1.70940999446179,0.0873750308991912,0.141121447166277,"isthmin 2","ISM2","145501"
"ENSG00000140090",1.16682291199002,2.35236072897144,1.80708904170243,1.3017403540643,0.193005159672642,0.282137477014025,"solute carrier family 24 member 4","SLC24A4","123041"
"ENSG00000127152",1.13162588701085,2.28874998355572,1.8144088442343,1.26143012961425,0.207153918678877,0.299493275798439,"BCL11 transcription factor B","BCL11B","64919"
"ENSG00000197406",4.50462433505108,2.03905980728688,0.937370516788535,2.17529756992226,0.0296078245211284,0.053188702802583,"iodothyronine deiodinase 3","DIO3","1735"
"ENSG00000186399",2.43907468931077,-2.72666142405361,1.37775085069719,-1.97906713153094,0.04780844849875,0.0822939633233565,"golgin A8 family member R","GOLGA8R","101059918"
"ENSG00000175344",1.2894890584264,3.73339765721459,3.26634030575682,1.14299102596095,0.253042317021065,0.353249519842212,"cholinergic receptor nicotinic alpha 7 subunit","CHRNA7","1139"
"ENSG00000137880",0.838323770582743,-2.03031954329465,1.98961016961892,-1.02046097989312,0.307509886020306,0.414380607128762,"GTP cyclohydrolase I feedback regulator","GCHFR","2644"
"ENSG00000186198",0.859659372284265,3.16856433022633,2.09249274560664,1.51425343618466,0.129961573482167,0.200080817923345,"SLC51 subunit beta","SLC51B","123264"
"ENSG00000157890",1.3037436850176,2.58717498696915,1.84065659702438,1.40557178951881,0.159851317885929,0.239605379538888,"multiple EGF like domains 11","MEGF11","84465"
"ENSG00000278570",1.14741478038518,-2.56440553375042,1.82794896804848,-1.40288683030806,0.16065058865809,0.240558113256982,"nuclear receptor subfamily 2 group E member 3","NR2E3","10002"
"ENSG00000137868",0.671257906189604,2.76111783836812,2.28056282087121,1.21071772857953,0.226003605433188,0.321354668294676,"signaling receptor and transporter of retinol STRA6","STRA6","64220"
"ENSG00000169752",2.16263013542504,2.27811526161499,1.42258800628614,1.60138792928694,0.109291024570266,0.171811319479101,"neuregulin 4","NRG4","145957"
"ENSG00000156218",0.610395740547245,2.65565024300409,2.36410477384805,1.12332172092419,0.261300882017694,0.362300106912487,"ADAMTS like 3","ADAMTSL3","57188"
"ENSG00000188095",0.965105032264922,-2.27159502709525,1.99855388106332,-1.13661935693555,0.255697444491078,0.356053376503166,"mesoderm posterior bHLH transcription factor 2","MESP2","145873"
"ENSG00000140470",2.03777634383954,2.20185071036699,1.45102199905578,1.5174481929287,0.129153564172163,0.198961558353646,"ADAM metallopeptidase with thrombospondin type 1 motif 17","ADAMTS17","170691"
"ENSG00000185739",0.642745050816304,-2.92537647884708,2.32366842780093,-1.25894746593239,0.20804930764546,0.300610852556744,"sarcalumenin","SRL","6345"
"ENSG00000103528",1.23690625590757,3.6688737968947,1.77063344005476,2.07206851169671,0.0382590523717335,0.0671958129659318,"synaptotagmin 17","SYT17","51760"
"ENSG00000184730",1.01472227097395,3.40495647385356,1.92082263025991,1.77265533017633,0.0762858372850627,0.125116922980999,"apolipoprotein B receptor","APOBR","55911"
"ENSG00000255524",0.588022045132604,2.6134733541566,2.36849778669915,1.10343077744601,0.269840137189149,0.372020948727191,"nuclear pore complex interacting protein family member B8","NPIPB8","728734"
"ENSG00000087250",0.535208024247984,-2.62536492993591,2.34857227921284,-1.11785570883764,0.263628624090965,0.364856668405733,"metallothionein 3","MT3","4504"
"ENSG00000166546",0.967012622471048,2.04314778584485,1.89347581981388,1.07904614596329,0.280567156850156,0.384472222934226,"brain expressed associated with NEDD4 1","BEAN1","146227"
"ENSG00000249961",0.717517772368238,-3.04775565744512,2.12875426850754,-1.43170853608288,0.152227252450743,0.229634109172882,"telomere repeat binding bouquet formation protein 1","TERB1","283847"
"ENSG00000168748",0.992677763134235,2.04306384907278,1.88256901712357,1.08525309324087,0.277809574831096,0.381154115980329,"carbonic anhydrase 7","CA7","766"
"ENSG00000172828",2.56872215100066,2.0650845944393,1.25127136485579,1.65038907821351,0.0988633834992694,0.157450674952694,"carboxylesterase 3","CES3","23491"
"ENSG00000167261",0.513065547199133,2.36648153209866,2.5166970681753,0.940312428549238,0.347057326301174,0.458655924948592,"dipeptidase 2","DPEP2","64174"
"ENSG00000157322",0.671257906189604,2.76111783836812,2.28056282087121,1.21071772857953,0.226003605433188,0.321354668294676,"C-type lectin domain family 18 member A","CLEC18A","348174"
"ENSG00000272636",0.962139468455124,3.29215749976307,1.92883802073735,1.70680869226362,0.0878576162836194,0.141699009497481,"double C2 domain beta","DOC2B","8447"
"ENSG00000108576",1.81653248340991,2.1394621372838,1.49937044849343,1.42690696580924,0.153606712743561,0.231383455888654,"solute carrier family 6 member 4","SLC6A4","6532"
"ENSG00000185862",2.75278775487278,-2.8744267038823,1.3852630254879,-2.07500427788426,0.0379861382994279,0.0667907070218288,"ecotropic viral integration site 2B","EVI2B","2124"
"ENSG00000181291",0.910382026581222,2.01968861455612,1.91800735193217,1.05301401088036,0.292334570712121,0.397383038475857,"transmembrane protein 132E","TMEM132E","124842"
"ENSG00000275410",0.648884210774963,2.71986494094251,2.18843233264265,1.24283712151983,0.213927860185161,0.307506954394704,"HNF1 homeobox B","HNF1B","6928"
"ENSG00000167914",0.598259525687138,-2.74908529055734,2.40009406957984,-1.14540730940542,0.252040471873041,0.352115785863204,"gasdermin A","GSDMA","284110"
"ENSG00000213417",0.680131411592271,-2.98985042995717,2.15739139520397,-1.38586370401023,0.165788525704099,0.247181718950633,"keratin associated protein 2-4","KRTAP2-4","85294"
"ENSG00000204880",0.572594385023951,-2.70309200696856,2.43126735592455,-1.11180368558876,0.266222566874741,0.367997391727624,"keratin associated protein 4-8","KRTAP4-8","728224"
"ENSG00000131471",2.71188005319603,2.04470521283276,1.20425367252921,1.69790240999508,0.0895261823417744,0.144027603466114,"amine oxidase copper containing 3","AOC3","8639"
"ENSG00000231256",0.910382026581222,2.01968861455612,1.91800735193217,1.05301401088036,0.292334570712121,0.397383038475857,"CFAP97 domain containing 1","CFAP97D1","284067"
"ENSG00000131097",0.973433528020376,2.01996231448275,1.88950768540486,1.06904159749418,0.285050925929586,0.389385535855986,"HIG1 hypoxia inducible domain family member 1B","HIGD1B","51751"
"ENSG00000170689",2.38616269921702,-2.0057433120029,1.26732798273471,-1.58265527103315,0.113500058400281,0.177651217152012,"homeobox B9","HOXB9","3219"
"ENSG00000108950",1.10283128604688,2.28348765094159,1.82403382707404,1.25188887237062,0.21061036005887,0.303715801032057,"FAM20A golgi associated secretory pathway pseudokinase","FAM20A","54757"
"ENSG00000154263",2.5636652206032,2.62825948806394,1.37559499331141,1.91063467142829,0.0560515455064674,0.0950181363784583,"ATP binding cassette subfamily A member 10","ABCA10","10349"
"ENSG00000129673",0.535208024247984,-2.62536492993591,2.34857227921284,-1.11785570883764,0.263628624090965,0.364856668405733,"aralkylamine N-acetyltransferase","AANAT","15"
"ENSG00000173213",1.31090414403945,-2.71961252193751,1.76626428163853,-1.53975401654761,0.123620324495915,0.191397871879483,"tubulin beta 8B","TUBB8B","260334"
"ENSG00000154655",0.691852631705052,-3.01127762157016,2.27595057896722,-1.32308568094506,0.185806885985735,0.273023119208151,"L3MBTL histone methyl-lysine binding protein 4","L3MBTL4","91133"
"ENSG00000166960",2.00723804916043,3.27541152380066,1.56667430274223,2.09067801652681,0.0365569369252286,0.0644777568697965,"coiled-coil domain containing 178","CCDC178","374864"
"ENSG00000174448",0.598259525687138,-2.74908529055734,2.40009406957984,-1.14540730940542,0.252040471873041,0.352115785863204,"StAR related lipid transfer domain containing 6","STARD6","147323"
"ENSG00000221887",2.71497754344894,-2.92180255888766,1.35472285322986,-2.1567529859865,0.0310249160718145,0.0554976590686251,"histocompatibility minor serpin domain containing","HMSD","284293"
"ENSG00000244588",1.63926118038952,-2.09963192182958,1.58035948175169,-1.32857868483335,0.183987008153414,0.270889163453049,"RAD21 cohesin complex component like 1","RAD21L1","642636"
"ENSG00000125872",2.42667852029377,-2.01828942338617,1.2605467860584,-1.60112218420481,0.109349859591982,0.171885476820246,"leucine rich repeat neuronal 4","LRRN4","164312"
"ENSG00000173404",0.720711248407653,2.91034134283836,2.23955741832142,1.29951628791893,0.193766807417544,0.28302628421405,"INSM transcriptional repressor 1","INSM1","3642"
"ENSG00000101440",0.610395740547245,2.65565024300409,2.36410477384805,1.12332172092419,0.261300882017694,0.362300106912487,"agouti signaling protein","ASIP","434"
"ENSG00000124194",0.920195656487876,-2.24039394790814,2.02099528646141,-1.10855970962252,0.267620167288655,0.369548020753321,"ganglioside induced differentiation associated protein 1 like 1","GDAP1L1","78997"
"ENSG00000101115",1.10706285579941,2.32828309229673,1.82555937479004,1.27538064466652,0.202174546073223,0.293387993307125,"spalt like transcription factor 4","SALL4","57167"
"ENSG00000124103",0.497821663472016,-2.54544570387842,2.53730607578464,-1.00320798037393,0.315760523342135,0.42387089835289,"family with sequence similarity 209 member A","FAM209A","200232"
"ENSG00000181781",0.497821663472016,-2.54544570387842,2.53730607578464,-1.00320798037393,0.315760523342135,0.42387089835289,"CIMAP1 family member D","CIMAP1D","284451"
"ENSG00000172232",0.610395740547245,2.65565024300409,2.36410477384805,1.12332172092419,0.261300882017694,0.362300106912487,"azurocidin 1","AZU1","566"
"ENSG00000161082",2.90856088241422,2.1612903264228,1.20210088468964,1.79792757325922,0.0721884859460514,0.119072625167645,"CUGBP Elav-like family member 5","CELF5","60680"
"ENSG00000171119",0.836776019049339,-3.29630873226041,2.11619021009711,-1.55766183802029,0.119313431408069,0.185548311922773,"neurturin","NRTN","4902"
"ENSG00000131142",0.509542883584797,-2.57614397781946,2.51897914909808,-1.02269364902915,0.306452715156682,0.413144906328135,"C-C motif chemokine ligand 25","CCL25","6370"
"ENSG00000129354",1.28100743362373,-2.73838189733288,1.85042484184658,-1.47986658815075,0.138908853883067,0.212232407342492,"adaptor related protein complex 1 subunit mu 2","AP1M2","10053"
"ENSG00000127533",2.67026212266753,2.02591096459507,1.20988199636023,1.67446988275697,0.0940382886069633,0.150411555978265,"F2R like thrombin or trypsin receptor 3","F2RL3","9002"
"ENSG00000130303",2.13150269525063,2.3353817095555,1.54708926601142,1.50953261771145,0.131162726289944,0.201782490611816,"bone marrow stromal cell antigen 2","BST2","684"
"ENSG00000096996",1.08358705093302,2.26346552499907,1.82961333127745,1.23712780526074,0.216039638497789,0.309865685536624,"interleukin 12 receptor subunit beta 1","IL12RB1","3594"
"ENSG00000175489",1.09000795648235,2.24084446380939,1.9015389175416,1.1784373399554,0.23862229892554,0.336730701030698,"leucine rich repeat containing 25","LRRC25","126364"
"ENSG00000126246",0.878903607398124,3.19448965263815,1.99340251144232,1.60253116683734,0.109038201224021,0.171468737690953,"IGF like family receptor 1","IGFLR1","79713"
"ENSG00000255974",1.12943655121405,2.35284200170487,1.81951407214218,1.2931155838409,0.19597108604564,0.285849353339334,"cytochrome P450 family 2 subfamily A member 6","CYP2A6","1548"
"ENSG00000104879",1.15054093454978,3.5882959679534,1.86456778799373,1.92446527879494,0.054296288846671,0.0923720079674751,"creatine kinase, M-type","CKM","1158"
"ENSG00000104848",1.06511904383216,-2.49212865414829,1.94540719992301,-1.28103188589356,0.200182466569865,0.291041648644241,"potassium voltage-gated channel subfamily A member 7","KCNA7","3743"
"ENSG00000104951",3.44062926774732,-2.20202041063972,1.09521634475478,-2.01058030332149,0.0443698062606648,0.0768687204266695,"interleukin 4 induced 1","IL4I1","259307"
"ENSG00000160318",3.48315197095288,2.04061057495379,1.06809688764783,1.91051073975849,0.0560674849216032,0.0950342257360079,"claudin domain containing 2","CLDND2","125875"
"ENSG00000130433",0.920521537926624,3.24447442298683,1.94660954789956,1.66673097154368,0.0955679115008456,0.152647651425107,"calcium voltage-gated channel auxiliary subunit gamma 6","CACNG6","59285"
"ENSG00000160472",1.17011435723857,2.32777851029106,1.80414039212993,1.29024244479275,0.196966493340834,0.287102381451608,"transmembrane protein 190","TMEM190","147744"
"ENSG00000233493",3.02920489568096,2.31729663619284,1.19324217821655,1.9420170343428,0.0521350381606728,0.0890250391073206,"transmembrane protein 238","TMEM238","388564"
"ENSG00000180532",1.27852418643607,3.70431725152513,1.76115013558517,2.10335120026227,0.0354350808839594,0.0627167313639718,"zinc finger and SCAN domain containing 4","ZSCAN4","201516"
"ENSG00000268750",0.916387937383223,-2.17174903420817,2.02420686003845,-1.07288888160715,0.283320975179409,0.387385406937687,NA,NA,NA
"ENSG00000152467",1.60307350368148,2.88023175973681,1.64660097732556,1.74919837859864,0.0802567342713215,0.130959228265139,"zinc finger and SCAN domain containing 1","ZSCAN1","284312"
"ENSG00000114374",0.890722796720036,-2.14000043830244,2.05568350466769,-1.04101649570242,0.29786789246625,0.40326814249197,"ubiquitin specific peptidase 9 Y-linked","USP9Y","8287"
"ENSG00000067048",0.890722796720036,-2.14000043830244,2.05568350466769,-1.04101649570242,0.29786789246625,0.40326814249197,"DEAD-box helicase 3 Y-linked","DDX3Y","8653"
"ENSG00000274600",1.99365205197605,-2.40558332442818,1.4864585809007,-1.61833188986036,0.105591091669222,0.166866985741046,"RIMS binding protein 3B","RIMBP3B","440804"
"ENSG00000189269",1.03987775381686,-2.36719551676609,1.86291081755141,-1.27069717694672,0.203836400297703,0.29539241569199,"aspartate rich 1","DRICH1","51233"
"ENSG00000100276",0.887182970521653,3.17806186839653,3.95393939738352,0.803771011386665,0.421529234386812,0.536995233502708,"RAS like family 10 member A","RASL10A","10633"
"ENSG00000100156",1.79526089744702,2.20719985429553,1.55434962898042,1.42001504239644,0.155603301833161,0.233984436528632,"solute carrier family 16 member 8","SLC16A8","23539"
"ENSG00000128408",0.957582017263843,-2.29089980133605,1.9766557271513,-1.15897764586331,0.246465297047923,0.346108198941619,"RIB43A domain with coiled-coils 2","RIBC2","26150"
"ENSG00000130943",2.56518100208873,-2.10039578057703,1.24723224367714,-1.68404544640745,0.0921728861052765,0.147721182625007,"polycystin family receptor for egg jelly","PKDREJ","10343"
"ENSG00000130487",0.654466270929084,-2.94961529822846,2.29043605925125,-1.28779639419085,0.197816847809074,0.288227850025717,"kelch domain containing 7B","KLHDC7B","113730"
"ENSG00000275993",1.17011435723857,2.32777851029106,1.80414039212993,1.29024244479275,0.196966493340834,0.287102381451608,"salt inducible kinase 1B (putative)","LOC102724428","102724428"
"ENSG00000188992",0.535208024247984,-2.62536492993591,2.34857227921284,-1.11785570883764,0.263628624090965,0.364856668405733,"lipase I","LIPI","149998"
"ENSG00000242220",1.20439304914752,2.49334167131915,1.77522195457339,1.40452390468455,0.160162898448764,0.239957904599138,"t-complex 10 like","TCP10L","140290"
"ENSG00000183145",1.16682291199002,2.35236072897144,1.80708904170243,1.3017403540643,0.193005159672642,0.282137477014025,"ripply transcriptional repressor 3","RIPPLY3","53820"
"ENSG00000183778",1.60361851332869,-3.15493117127198,1.67819593556772,-1.8799540056118,0.060114346636685,0.101149131262868,"beta-1,3-galactosyltransferase 5","B3GALT5","10317"
"ENSG00000160188",0.493821312085274,2.32480040001448,2.54647927401313,0.912946916057443,0.361270460970413,0.473996621898152,"radial spoke head component 1","RSPH1","89765"
"ENSG00000160223",1.25615049102143,3.68474512058394,1.76610569853473,2.08636726762222,0.0369453676211209,0.0650849662921444,"inducible T cell costimulator ligand","ICOSLG","23308"
"ENSG00000160224",1.35945594783721,2.68812114586511,1.71111356792407,1.5709776348313,0.116187843862938,0.181338180964946,"autoimmune regulator","AIRE","326"
"ENSG00000175894",1.32501527098049,2.57054373477937,1.74709416911956,1.47132523261455,0.141203182603192,0.215275848095678,"thrombospondin type laminin G domain and EAR repeats","TSPEAR","54084"
